tau_fit,tau_guess
0.8048642506463076,0.008048642506463076
