tau_psd_raw_s,tau_psd_trunc_s,band_tau_s,re_chi_flatness_sigma_over_mean
-2.6164001483853763e-08,2.0899896265257265,1.969083176979547,0.012337905457477264
