tau_G_trunc_s,tau_KK_s,tau_fit_s,passivity_ok,l1_abs
2.0899896265256883,1.969083176979547,0.8048642506463076,True,106.4295980923479
