tau_G_trunc_s,omega_G_rad_per_s,lambda_G_m,m_G_kg
2.0899896265256883,0.4784712743585997,3936812235.6643577,5.614235479475449e-52
