tau_fit,tau_guess
2.0925154821787997,1.9521713112953716
