tau_G_trunc_s,tau_KK_s,tau_fit_s,passivity_ok,l1_abs
1.952171311295372,2.0010228021465504,2.0925154821788,True,49.47262147600805
