tau_G_trunc_s,omega_G_rad_per_s,lambda_G_m,m_G_kg
1.952171311295372,0.5122501259054184,3677210550.1769066,6.010586184257681e-52
